"Player","Team","Season","Position","Base Salary","Guaranteed Compensation","Date"
"Zlatan Ibrahimovic","LAG","2019","F","7200000","7200000","2019-09-13"
"Michael Bradley","TOR","2019","M","6000000","6500000","2019-09-13"
"Jozy Altidore","TOR","2019","F","4891250.04","6332250.04","2019-09-13"
"Carlos Vela","LAFC","2019","M","4500000","6300000","2019-09-13"
"Bastian Schweinsteiger","CHI","2019","M","5600000.04","5600000.04","2019-09-13"
"Ignacio Piatti","MTL","2019","M","530000.04","4443333.37","2019-09-13"
"Alejandro Pozuelo","TOR","2019","M","3800000.04","3800000.04","2019-09-13"
"Wayne Rooney","DCU","2019","F","3500000.04","3507500.04","2019-09-13"
"Josef Martínez","ATL","2019","F","3000000","3058333.33","2019-09-13"
"Sebastián Blanco","POR","2019","M","2740008","2853341.33","2019-09-13"
"Nicolás Lodeiro","SEA","2019","M","2000000.04","2502500.04","2019-09-13"
"Nani","ORL","2019","M","2333333.04","2486249.7","2019-09-13"
"Tim Howard","COL","2019","GK","2000000.04","2475000.04","2019-09-13"
"Diego Valeri","POR","2019","M","2319999.96","2419999.96","2019-09-13"
"Carles Gil","NER","2019","M","2100000","2337500","2019-09-13"
"Marco Fabián","PHI","2019","M","2000727.24","2274087.24","2019-09-13"
"Nicolás Gaitán","CHI","2019","M","1400004","2197504","2019-09-13"
"Gustavo Bou","NER","2019","F","2100000","2100000","2019-09-13"
"Albert Rusnák","RSL","2019","M","1800000","2001666.67","2019-09-13"
"Raúl Ruidíaz","SEA","2019","F","2000004","2000004","2019-09-13"
"Maximiliano Moralez","NYC","2019","M","2000000.04","2000000.04","2019-09-13"
"Jonathan dos Santos","LAG","2019","M","2000000.04","2000000.04","2019-09-13"
"Fanendo Adi","CIN","2019","F","1360008","1965008","2019-09-13"
"Romain Alessandrini","LAG","2019","M","1610004","1940004","2019-09-13"
"Nemanja Nikolic","CHI","2019","F","1700000.04","1913333.37","2019-09-13"
"Darwin Quintero","MIN","2019","M","1750000.08","1750000.08","2019-09-13"
"Felipe Gutiérrez","SKC","2019","M","1599999.96","1649999.96","2019-09-13"
"Valeri Qazaishvili","SJE","2019","M","1475004","1604042.36","2019-09-13"
"Bojan Krkić","MTL","2019","F","1232876.64","1532448.56","2019-09-13"
"Dom Dwyer","ORL","2019","F","1320000","1503333.33","2019-09-13"
"Gyasi Zardes","CLB","2019","F","1421666.64","1471666.64","2019-09-13"
"Johnny Russell","SKC","2019","M","1449999.96","1449999.96","2019-09-13"
"Ezequiel Barco","ATL","2019","M","1425000","1425000","2019-09-13"
"Saphir Taïder","MTL","2019","M","1400000.04","1400000.04","2019-09-13"
"Aleksandar Katai","CHI","2019","M","1260000","1380333.33","2019-09-13"
"Bradley Wright-Phillips","NYRB","2019","F","1200000","1380000","2019-09-13"
"Ali Adnan","VAN","2019","D","1200000","1277499.9","2019-09-13"
"Brian Fernández","POR","2019","M","1200000","1275800","2019-09-13"
"Alejandro Bedoya","PHI","2019","M","1200000","1266250","2019-09-13"
"Mauro Manotas","HOU","2019","F","1100049.96","1245049.96","2019-09-13"
"Aljaz Struna","HOU","2019","D","1100000.04","1210000.04","2019-09-13"
"Cristian Pavón","LAG","2019","F","1200000","1200000","2019-09-13"
"Omar González","TOR","2019","D","918000","1193935.5","2019-09-13"
"David Accam","CLB","2019","M","1010004","1137920","2019-09-13"
"Everton Luiz","RSL","2019","D","1000000.08","1100000.08","2019-09-13"
"Federico Higuaín","CLB","2019","M","1100000.04","1100000.04","2019-09-13"
"Sacha Kljestan","ORL","2019","M","1025000.04","1100000.04","2019-09-13"
"Víctor Rodríguez","SEA","2019","M","999999.96","1087499.96","2019-09-13"
"Damir Kreilach","RSL","2019","M","968768.64","1082101.97","2019-09-13"
"Mauricio Pereyra","ORL","2019","M","960000","1078000","2019-09-13"
"Maximiliano Urruti","MTL","2019","F","900000","1071000","2019-09-13"
"Jørgen Skjelvik","LAG","2019","D","999999.96","1066666.63","2019-09-13"
"Krisztián Németh","SKC","2019","F","950000.04","1063666.71","2019-09-13"
"Diego Rossi","LAFC","2019","M","1000000.08","1052000.08","2019-09-13"
"Andreu Fontàs","SKC","2019","D","1050000","1050000","2019-09-13"
"Brian Rodríguez","LAFC","2019","F","700000.08","1039800.08","2019-09-13"
"Michael Mancienne","NER","2019","D","881676","995676","2019-09-13"
"Fredy Montero","VAN","2019","F","768000","968000","2019-09-13"
"Robin Lod","MIN","2019","M","849996","952496","2019-09-13"
"Lamine Sané","ORL","2019","D","902499.96","949999.96","2019-09-13"
"Alexander Ring","NYC","2019","M","849999.96","944999.96","2019-09-13"
"Adama Diomande","LAFC","2019","F","849999.96","934999.96","2019-09-13"
"Ilie Sánchez","SKC","2019","D","900000","900000","2019-09-13"
"Pity Martínez","ATL","2019","M","900000","900000","2019-09-13"
"Jonathan Mensah","CLB","2019","D","800004","894004","2019-09-13"
"Jan Gregus","MIN","2019","M","750000","883500","2019-09-13"
"Jesús Medina","NYC","2019","M","750000","870833.33","2019-09-13"
"Reto Ziegler","FCD","2019","D","820000.08","870000.08","2019-09-13"
"Pedro Santos","CLB","2019","M","817560","864560","2019-09-13"
"Joao Plata","RSL","2019","M","725004","856254","2019-09-13"
"Héctor Villalba","ATL","2019","M","722499.96","830249.96","2019-09-13"
"Leandro González Pirez","ATL","2019","D","775008","810008","2019-09-13"
"Roland Lamah","CIN","2019","M","750000","806250","2019-09-13"
"Chris Wondolowski","SJE","2019","F","800000.04","800000.04","2019-09-13"
"Roger Espinoza","SKC","2019","M","800000.04","800000.04","2019-09-13"
"Aaron Long","NYRB","2019","D","770000.04","800000.04","2019-09-13"
"Alejandro Romero Gamarra","NYRB","2019","M","799999.92","799999.92","2019-09-13"
"Marcelo","CHI","2019","D","774999.96","797499.96","2019-09-13"
"Larrys Mabiala","POR","2019","D","750000","793333.33","2019-09-13"
"Emanuel Cecchini","SEA","2019","M","648000","789000","2019-09-13"
"Héber","NYC","2019","F","785000.04","788750.04","2019-09-13"
"Diego Polenta","LAG","2019","D","687276","777276","2019-09-13"
"Kendall Waston","CIN","2019","D","750000","776666.67","2019-09-13"
"Marcelo Silva","RSL","2019","D","725004","776629","2019-09-13"
"Jonathan Osorio","TOR","2019","M","750000","776250","2019-09-13"
"Kim Kee-hee","SEA","2019","D","640000.08","772000.08","2019-09-13"
"Daniel Royer","NYRB","2019","M","699999.96","768749.96","2019-09-13"
"Sam Johnson","RSL","2019","F","650000.04","767500.04","2019-09-13"
"Jon Erice","VAN","2019","M","654545.52","752363.7","2019-09-13"
"Tim Parker","NYRB","2019","D","738200.04","752200.04","2019-09-13"
"Kei Kamara","COL","2019","F","750000","750000","2019-09-13"
"Rudy Camacho","MTL","2019","D","700000.08","749152.58","2019-09-13"
"Brad Guzan","ATL","2019","GK","680004","740004","2019-09-13"
"Román Torres","SEA","2019","D","670000.08","740000.08","2019-09-13"
"Andrés Ríos","SJE","2019","F","660000","729250","2019-09-13"
"Giancarlo González","LAG","2019","D","650000.04","719583.37","2019-09-13"
"Edwin Gyasi","FCD","2019","M","570000","719225","2019-09-13"
"Carlos Fierro","SJE","2019","M","660000","718800","2019-09-13"
"Yordy Reyna","VAN","2019","F","650000.04","713140.04","2019-09-13"
"Josh Sims","NYRB","2019","M","695967.96","710467.96","2019-09-13"
"Paul Arriola","DCU","2019","M","675000","707000","2019-09-13"
"Bacary Sagna","MTL","2019","D","660000","705000","2019-09-13"
"Luciano Acosta","DCU","2019","M","600000","702000","2019-09-13"
"Dax McCarty","CHI","2019","M","700000.08","700000.08","2019-09-13"
"Osvaldo Alonso","MIN","2019","D","650000.04","697500.04","2019-09-13"
"Graham Zusi","SKC","2019","D","625000.08","688333.41","2019-09-13"
"Justin Meram","ATL","2019","M","650004","678754","2019-09-13"
"Matt Besler","SKC","2019","D","574997.64","674997.64","2019-09-13"
"Francisco Calvo","CHI","2019","D","600000","672600","2019-09-13"
"Jamiro Monteiro","PHI","2019","M","618000","671200","2019-09-13"
"Sergio Santos","PHI","2019","F","600000","668500","2019-09-13"
"Angelo Rodríguez","MIN","2019","F","600000","667187.5","2019-09-13"
"Christian Ramirez","HOU","2019","F","600000","666250","2019-09-13"
"Darlington Nagbe","ATL","2019","M","665499.96","665499.96","2019-09-13"
"Kellyn Acosta","COL","2019","D","549999.96","664999.96","2019-09-13"
"Alexander Callens","NYC","2019","D","600000","664000","2019-09-13"
"Chris Mavinga","TOR","2019","D","600000","663333.33","2019-09-13"
"Przemyslaw Frankowski","CHI","2019","M","450000","661687.5","2019-09-13"
"Hwang In-Beom","VAN","2019","M","600000","655000","2019-09-13"
"Alberth Elis","HOU","2019","M","650340","650340","2019-09-13"
"Maxime Chanot","NYC","2019","D","650000.04","650000.04","2019-09-13"
"Bryan Acosta","FCD","2019","M","600000","650000","2019-09-13"
"Tommy Smith","COL","2019","D","600000","640000","2019-09-13"
"Maikel van der Werff","CIN","2019","D","549999.96","635166.63","2019-09-13"
"Jordan Morris","SEA","2019","F","499500","619600","2019-09-13"
"Jorge Villafaña","POR","2019","D","600000","617500","2019-09-13"
"Florian Jungwirth","SJE","2019","D","550008","616675.07","2019-09-13"
"Cristian Higuita","ORL","2019","M","474996","611662.67","2019-09-13"
"Jorge Moreira","POR","2019","D","545454.6","607954.6","2019-09-13"
"Juan Agudelo","NER","2019","F","574999.92","604999.92","2019-09-13"
"Claude Dielna","POR","2019","D","560000.04","600000.04","2019-09-13"
"Gustav Svensson","SEA","2019","D","570000","600000","2019-09-13"
"Nicolas Benezet","TOR","2019","M","600000","600000","2019-09-13"
"Walker Zimmerman","LAFC","2019","D","600000","600000","2019-09-13"
"Kelvin Leerdam","SEA","2019","D","549999.96","599999.96","2019-09-13"
"Cristian Roldan","SEA","2019","M","460000.08","596541.68","2019-09-13"
"Andrew Wooten","PHI","2019","F","510000","595833.33","2019-09-13"
"Haris Medunjanin","PHI","2019","M","550008","595008","2019-09-13"
"Vito Mannone","MIN","2019","GK","540000","594000","2019-09-13"
"Wil Trapp","CLB","2019","M","549996","593746","2019-09-13"
"Santiago Mosquera","FCD","2019","M","500000.04","591400.04","2019-09-13"
"Guram Kashia","SJE","2019","D","590000.04","590000.04","2019-09-13"
"Favio Álvarez","LAG","2019","M","525000","586250","2019-09-13"
"Cristian Colmán","FCD","2019","F","500000.04","585000.04","2019-09-13"
"Wilfried Zahibo","NER","2019","M","513000","583000","2019-09-13"
"Joe Corona","LAG","2019","M","549999.96","578499.96","2019-09-13"
"Johan Kappelhof","CHI","2019","D","549999.96","577833.29","2019-09-13"
"Matt Hedges","FCD","2019","D","550008","575008","2019-09-13"
"Diego Chara","POR","2019","M","550000.08","568750.08","2019-09-13"
"Leonardo Jara","DCU","2019","D","500000.04","560000.04","2019-09-13"
"Romell Quioto","HOU","2019","M","506668.08","556501.41","2019-09-13"
"Gerso","SKC","2019","M","550008","550008","2019-09-13"
"Andre Blake","PHI","2019","GK","500004","550004","2019-09-13"
"Cristian Penilla","NER","2019","M","500000.04","550000.04","2019-09-13"
"Cristian Espinoza","SJE","2019","M","500000.04","550000.04","2019-09-13"
"Steven Birnbaum","DCU","2019","D","525000","550000","2019-09-13"
"Danny Hoesen","SJE","2019","F","500000.04","549666.71","2019-09-13"
"Brad Smith","SEA","2019","D","529092","549092","2019-09-13"
"Anton Tinnerholm","NYC","2019","D","496800","546800","2019-09-13"
"Kevin Molino","MIN","2019","M","500004","546254","2019-09-13"
"Romario Ibarra","MIN","2019","M","500000.04","546250.04","2019-09-13"
"Danny Wilson","COL","2019","D","500000.04","540000.04","2019-09-13"
"Youness Mokhtar","CLB","2019","M","459996","533845","2019-09-13"
"Lee Nguyen","LAFC","2019","M","525000","530000","2019-09-13"
"Joevin Jones","SEA","2019","M","482004","528670.67","2019-09-13"
"Oriol Rosell","ORL","2019","D","522499.92","522499.92","2019-09-13"
"Zdenek Ondrasek","FCD","2019","F","400000.08","522250.08","2019-09-13"
"Bressan","FCD","2019","D","485300.04","521931.29","2019-09-13"
"Darren Mattocks","CIN","2019","F","519999.96","519999.96","2019-09-13"
"Tomás Martínez","HOU","2019","M","335004","517929","2019-09-13"
"Nedum Onuoha","RSL","2019","D","450000","504000","2019-09-13"
"Xavier Arreaga","SEA","2019","D","393600","500850","2019-09-13"
"Felipe","DCU","2019","M","500000.04","500000.04","2019-09-13"
"Juan Fernando Caicedo","NER","2019","F","500000.04","500000.04","2019-09-13"
"Alexandru Mitrita","NYC","2019","M","500000.04","500000.04","2019-09-13"
"Michael Barrios","FCD","2019","M","500000.04","500000.04","2019-09-13"
"Jefferson Savarino","RSL","2019","M","475008","498695.65","2019-09-13"
"Aníbal Godoy","SJE","2019","D","450000","498125","2019-09-13"
"Leonardo Bertone","CIN","2019","M","450000","496666.67","2019-09-13"
"Eduard Atuesta","LAFC","2019","D","474999.96","492999.96","2019-09-13"
"Will Johnson","ORL","2019","M","455004","491004","2019-09-13"
"Luis Robles","NYRB","2019","GK","490000.08","490000.08","2019-09-13"
"Bill Hamid","DCU","2019","GK","461820","487495","2019-09-13"
"Sebastián Méndez","ORL","2019","D","450000","486750","2019-09-13"
"C.J. Sapong","CHI","2019","F","475000.08","475000.08","2019-09-13"
"Perry Kitchen","LAG","2019","D","450000","474166.67","2019-09-13"
"Pablo Aránguiz","FCD","2019","M","406666.68","466666.68","2019-09-13"
"Benny Feilhaber","SKC","2019","M","413400","463400","2019-09-13"
"Carlos Ascues","ORL","2019","D","420000","451500","2019-09-13"
"Magnus Eriksson","SJE","2019","M","450000","450000","2019-09-13"
"Josué Colmán","ORL","2019","M","450000","450000","2019-09-13"
"Erik Godoy","VAN","2019","D","381818.16","449318.16","2019-09-13"
"Jack Price","COL","2019","M","429999.96","437499.96","2019-09-13"
"Laurent Ciman","TOR","2019","D","399999.96","435624.96","2019-09-13"
"Antonio Mlinar Delamea","NER","2019","D","425004","425004","2019-09-13"
"Ronald Matarrita","NYC","2019","D","300000","420000","2019-09-13"
"Uriel Antuna","LAG","2019","M","420000","420000","2019-09-13"
"Romain Métanire","MIN","2019","D","305000.04","411833.37","2019-09-13"
"Artur","CLB","2019","D","360000","411633.33","2019-09-13"
"Ethan Finlay","MIN","2019","M","400008","400008","2019-09-13"
"Sean Johnson","NYC","2019","GK","399999.96","399999.96","2019-09-13"
"Ebenezer Ofori","NYC","2019","D","324999.96","399999.96","2019-09-13"
"Michaell Chirinos","VAN","2019","M","360000","396875","2019-09-13"
"Tomás Conechny","POR","2019","M","396000","396000","2019-09-13"
"Kekuta Manneh","CIN","2019","M","375000","391666.67","2019-09-13"
"Caleb Stanko","CIN","2019","D","337500","390833.33","2019-09-13"
"Marcos López","SJE","2019","D","279999.96","387749.96","2019-09-13"
"Kemar Lawrence","NYRB","2019","D","339999.96","382749.96","2019-09-13"
"Alex Bono","TOR","2019","GK","350000.04","382000.04","2019-09-13"
"Ismael Tajouri-Shradi","NYC","2019","M","350000.04","380500.04","2019-09-13"
"Drew Moor","TOR","2019","D","375000","375000","2019-09-13"
"David Bingham","LAG","2019","GK","375000","375000","2019-09-13"
"Marquinhos Pedroso","DCU","2019","D","375000","375000","2019-09-13"
"Ike Opara","MIN","2019","D","350000.04","367916.71","2019-09-13"
"Justen Glad","RSL","2019","D","345000","366700","2019-09-13"
"Harrison Afful","CLB","2019","D","288099.96","363799.96","2019-09-13"
"David Ousted","CHI","2019","GK","268181.88","361136.43","2019-09-13"
"Kai Wagner","PHI","2019","D","318000","360150","2019-09-13"
"Rodney Wallace","SKC","2019","M","360000","360000","2019-09-13"
"Emerson Hyndman","ATL","2019","M","360000","360000","2019-09-13"
"Will Bruin","SEA","2019","F","350000.04","358333.37","2019-09-13"
"Ilsinho","PHI","2019","M","330000","357000","2019-09-13"
"Eloy Room","CLB","2019","GK","300000","354694.33","2019-09-13"
"Diego Rubio","COL","2019","F","324999.96","353749.96","2019-09-13"
"Darwin Cerén","HOU","2019","D","300000","349375","2019-09-13"
"Diego Palacios","LAFC","2019","D","324000","348000","2019-09-13"
"Andrew Farrell","NER","2019","D","209229.96","344229.96","2019-09-13"
"Miguel Ibarra","MIN","2019","M","309996","342318","2019-09-13"
"Sam Nicholson","COL","2019","M","300000","342073","2019-09-13"
"Tim Melia","SKC","2019","GK","325008","341674.67","2019-09-13"
"Marc Rzatkowski","NYRB","2019","M","300000","341666.67","2019-09-13"
"David Guzmán","CLB","2019","D","320000.04","340000.04","2019-09-13"
"Stefan Frei","SEA","2019","GK","325000.08","337500.08","2019-09-13"
"Thomás Chacón","MIN","2019","M","324999.96","336999.96","2019-09-13"
"Luis Díaz","CLB","2019","M","300000","333900","2019-09-13"
"Allan Cruz","CIN","2019","M","300000","333125","2019-09-13"
"Justin Morrow","TOR","2019","D","330000","330000","2019-09-13"
"Przemyslaw Tyton","CIN","2019","GK","231750","328438","2019-09-13"
"Sean Davis","NYRB","2019","M","300000","327500","2019-09-13"
"Kelyn Rowe","RSL","2019","M","261399.96","326399.96","2019-09-13"
"Kyle Beckerman","RSL","2019","D","300000","325000","2019-09-13"
"Florentin Pogba","ATL","2019","D","300000","324000","2019-09-13"
"Nick Rimando","RSL","2019","GK","300000","322500","2019-09-13"
"Milton Valenzuela","CLB","2019","D","290000.04","321300.04","2019-09-13"
"Harold Cummings","SJE","2019","D","270000","320666.67","2019-09-13"
"Nicolás Mezquida","COL","2019","F","320000.04","320000.04","2019-09-13"
"Michael Boxall","MIN","2019","D","300000","317333.33","2019-09-13"
"Sebastian Lletget","LAG","2019","M","300000","312666.67","2019-09-13"
"Anthony Blondell","VAN","2019","F","262500","307703.25","2019-09-13"
"Erickson Gallardo","TOR","2019","M","275004","306916.6","2019-09-13"
"Mathias Jørgensen","NYRB","2019","F","275000.04","306250.04","2019-09-13"
"Judson","SJE","2019","D","300000","305000","2019-09-13"
"Adam Lundkvist","HOU","2019","D","274999.92","303749.92","2019-09-13"
"Lassi Lappalainen","MTL","2019","M","302574","302574","2019-09-13"
"Rasmus Schüller","MIN","2019","M","275004","300004","2019-09-13"
"Michael Parkhurst","ATL","2019","D","300000","300000","2019-09-13"
"Franco Escobar","ATL","2019","D","300000","300000","2019-09-13"
"Eric Remedi","ATL","2019","D","300000","300000","2019-09-13"
"Luis Caicedo","NER","2019","D","300000","300000","2019-09-13"
"Frédéric Brillant","DCU","2019","D","264999.96","299999.96","2019-09-13"
"Rod Fanni","MTL","2019","D","299250","299250","2019-09-13"
"Lucas Rodríguez","DCU","2019","M","261999.96","298549.86","2019-09-13"
"Steven Beitashour","LAFC","2019","D","275000.04","298375.04","2019-09-13"
"Botond Baráth","SKC","2019","D","250000.08","297333.41","2019-09-13"
"Eriq Zavaleta","TOR","2019","D","275004","296962.33","2019-09-13"
"Evan Bush","MTL","2019","GK","232000.08","294666.75","2019-09-13"
"José Bizama","HOU","2019","D","243636","292427.18","2019-09-13"
"Juan David Cabezas","HOU","2019","D","268008","292008","2019-09-13"
"Jukka Raitala","MTL","2019","D","250000.08","290500.08","2019-09-13"
"Robin Jansson","ORL","2019","D","261000","289800","2019-09-13"
"Cristhian Paredes","POR","2019","M","252000","283500","2019-09-13"
"Francois Affolter","SJE","2019","D","249999.96","281999.96","2019-09-13"
"Emmanuel Ledesma","CIN","2019","M","249999.96","280833.29","2019-09-13"
"Kacper Przybylko","PHI","2019","F","240000","277000","2019-09-13"
"Auro","TOR","2019","D","225000","276666.67","2019-09-13"
"DaMarcus Beasley","HOU","2019","D","275000.04","275000.04","2019-09-13"
"Gary Mackay-Steven","NYC","2019","M","260000.04","274833.37","2019-09-13"
"Valentín Castellanos","NYC","2019","M","249999.96","274806.41","2019-09-13"
"Wilfried Moimbé","MIN","2019","D","252000","274275","2019-09-13"
"Joaquín Ardáiz","VAN","2019","F","272727.12","272727.12","2019-09-13"
"Teal Bunbury","NER","2019","F","225750","270750","2019-09-13"
"Eric Alexander","FCD","2019","M","270000","270000","2019-09-13"
"Greg Garza","CIN","2019","D","270000","270000","2019-09-13"
"Jack Elliott","PHI","2019","D","250000.08","265000.08","2019-09-13"
"Jonathan Bornstein","CHI","2019","D","240000","263200","2019-09-13"
"João Pedro","LAG","2019","M","240000","261000","2019-09-13"
"Patrick Mullins","TOR","2019","F","260004","260004","2019-09-13"
"Ola Kamara","DCU","2019","M","240000","260000","2019-09-13"
"Mathieu Deplagne","CIN","2019","D","240000","254400","2019-09-13"
"A.J. DeLaGarza","HOU","2019","D","249999.96","253749.96","2019-09-13"
"Marco Delgado","TOR","2019","M","252999.96","252999.96","2019-09-13"
"Alvas Powell","CIN","2019","D","234999.96","251624.96","2019-09-13"
"Johan Blomberg","COL","2019","M","250962","250962","2019-09-13"
"Edgar Castillo","NER","2019","D","249999.96","249999.96","2019-09-13"
"Shea Salinas","SJE","2019","M","249999.96","249999.96","2019-09-13"
"Ronaldo Peña","HOU","2019","F","249999.96","249999.96","2019-09-13"
"Russell Canouse","DCU","2019","M","247500","247500","2019-09-13"
"Rolf Feltscher","LAG","2019","D","218000.04","242650.04","2019-09-13"
"Brooks Lennon","RSL","2019","D","230004","242587.33","2019-09-13"
"Luis Martins","SKC","2019","D","240000","240000","2019-09-13"
"Jordan Allen","RSL","2019","M","237999.96","237999.96","2019-09-13"
"Jeremy Ebobisse","POR","2019","F","174999.96","237999.96","2019-09-13"
"Andrew Tarbell","SJE","2019","GK","200000.04","235000.04","2019-09-13"
"Harry Shipp","SEA","2019","M","234999.96","234999.96","2019-09-13"
"Jesse González","FCD","2019","GK","217500","231500","2019-09-13"
"Matías Vera","HOU","2019","D","225000","231250","2019-09-13"
"Brek Shea","ATL","2019","D","225000","225000","2019-09-13"
"Jeisson Vargas","MTL","2019","M","225000","225000","2019-09-13"
"Eddie Segura","LAFC","2019","D","199999.92","223999.92","2019-09-13"
"Kevin Kratz","ATL","2019","M","210000","222750","2019-09-13"
"Pablo Ruiz","RSL","2019","M","200004","221004","2019-09-13"
"Orji Okwonkwo","MTL","2019","M","200000.04","220000.04","2019-09-13"
"Nick Lima","SJE","2019","D","200000.04","218437.54","2019-09-13"
"Josh Williams","CLB","2019","D","215000.04","215000.04","2019-09-13"
"Dairon Asprilla","POR","2019","M","200000.04","213750.04","2019-09-13"
"Victor Ulloa","CIN","2019","D","210000","212500","2019-09-13"
"Brandon Servania","FCD","2019","M","160000.08","211000.08","2019-09-13"
"Daniel Vega","SJE","2019","GK","200000.04","210000.04","2019-09-13"
"Jeff Larentowicz","ATL","2019","D","210000","210000","2019-09-13"
"Mohamed El-Munir","LAFC","2019","D","185000.04","207666.71","2019-09-13"
"Tony Beltran","RSL","2019","D","195000","207000","2019-09-13"
"Dominique Badji","FCD","2019","F","200000.04","206250.04","2019-09-13"
"Robinho","ORL","2019","M","198000","205500","2019-09-13"
"Diego Fagundez","NER","2019","M","185000.04","205000.04","2019-09-13"
"Doneil Henry","VAN","2019","D","190008","204241.71","2019-09-13"
"João Moutinho","ORL","2019","D","139999.92","202999.92","2019-09-13"
"Miles Robinson","ATL","2019","D","145000.08","201250.08","2019-09-13"
"Danilo Silva","LAFC","2019","D","200000.04","200000.04","2019-09-13"
"Héctor Jiménez","CLB","2019","D","200000.04","200000.04","2019-09-13"
"Dillon Powers","ORL","2019","M","200000.04","200000.04","2019-09-13"
"Ben Sweat","NYC","2019","D","200000.04","200000.04","2019-09-13"
"Waylon Francis","CLB","2019","D","160000.08","199166.75","2019-09-13"
"Ema Twumasi","FCD","2019","M","150000","196900","2019-09-13"
"Andy Rose","VAN","2019","M","192500.04","192500.04","2019-09-13"
"Bobby Shuttleworth","MIN","2019","GK","174999.96","191874.96","2019-09-13"
"Raymon Gaddis","PHI","2019","D","190000.08","190000.08","2019-09-13"
"Jackson Yueill","SJE","2019","M","145000.08","190000.08","2019-09-13"
"Russell Teibert","VAN","2019","D","170000.04","190000.04","2019-09-13"
"Chris Pontius","LAG","2019","M","189999.96","189999.96","2019-09-13"
"Zac MacMath","VAN","2019","GK","189999.96","189999.96","2019-09-13"
"Fatai Alashe","CIN","2019","D","189999.96","189999.96","2019-09-13"
"Mason Toye","MIN","2019","F","135000","188000","2019-09-13"
"Jeff Attinella","POR","2019","GK","174999.96","187249.96","2019-09-13"
"Rodolfo Zelaya","LAFC","2019","F","162500.04","185833.37","2019-09-13"
"Emmanuel Boateng","DCU","2019","M","185000.04","185000.04","2019-09-13"
"Ulises Segura","DCU","2019","M","169999.92","184249.92","2019-09-13"
"Nicolas Hasler","SKC","2019","M","168000","183666.67","2019-09-13"
"Boniek García","HOU","2019","M","168000","183000","2019-09-13"
"Erik Hurtado","SKC","2019","F","174999.96","181249.96","2019-09-13"
"Abu Danladi","MIN","2019","F","145000.08","180000.08","2019-09-13"
"Jasser Khmiri","VAN","2019","D","180000","180000","2019-09-13"
"Axel Sjöberg","COL","2019","D","174996","179996","2019-09-13"
"Francis Atuahene","FCD","2019","M","135000","179000","2019-09-13"
"Mark-Anthony Kaye","LAFC","2019","M","166248","177810.5","2019-09-13"
"Warren Creavalle","PHI","2019","D","162000","175300","2019-09-13"
"Nick DeLeon","TOR","2019","D","159528","175269.67","2019-09-13"
"Aurélien Collin","PHI","2019","D","175000.08","175000.08","2019-09-13"
"Anthony Jackson-Hamel","MTL","2019","F","160000.08","175000.08","2019-09-13"
"Ryan Hollingshead","FCD","2019","D","174999.96","174999.96","2019-09-13"
"Tommy Thompson","SJE","2019","D","174999.96","174999.96","2019-09-13"
"Fafa Picault","PHI","2019","M","159999.96","173666.63","2019-09-13"
"Joe Willis","HOU","2019","GK","165000","172833.33","2019-09-13"
"Alejandro Fuenmayor","HOU","2019","D","145008","172508","2019-09-13"
"Víctor Cabrera","MTL","2019","D","150000","172328.33","2019-09-13"
"Frankie Amaya","CIN","2019","M","110000.04","172000.04","2019-09-13"
"Matías Pellegrini","MIA","2019","M","75000","170833.33","2019-09-13"
"Scott Sutter","VAN","2019","D","155000.04","170177.04","2019-09-13"
"Julio Cascante","POR","2019","D","170004","170004","2019-09-13"
"Joe Gyau","CIN","2019","M","148200","168640","2019-09-13"
"Tyler Deric","HOU","2019","GK","159999.96","167499.96","2019-09-13"
"Brandon Vázquez","ATL","2019","F","150000","166000","2019-09-13"
"Chris Seitz","DCU","2019","GK","165000","165000","2019-09-13"
"Jordan Harvey","LAFC","2019","D","165000","165000","2019-09-13"
"Tommy McNamara","HOU","2019","M","165000","165000","2019-09-13"
"Keaton Parks","NYC","2019","D","150000","165000","2019-09-13"
"Keegan Rosenberry","COL","2019","D","151194.96","164944.96","2019-09-13"
"Joseph Mora","DCU","2019","D","150000","164250","2019-09-13"
"Juninho Pereira","LAG","2019","M","150000","163125","2019-09-13"
"Aljaz Ivacic","POR","2019","GK","150000","160000","2019-09-13"
"Ricardo Clark","CLB","2019","M","159999.96","159999.96","2019-09-13"
"Zarek Valentin","POR","2019","D","159999.96","159999.96","2019-09-13"
"Ruan","ORL","2019","D","159999.96","159999.96","2019-09-13"
"Júnior Moreno","DCU","2019","D","140000.04","159500.04","2019-09-13"
"Daniel Steres","LAG","2019","D","150000","157333.4","2019-09-13"
"Amro Tarek","NYRB","2019","D","150000","156250","2019-09-13"
"Jimmy Medranda","SKC","2019","D","155004","155004","2019-09-13"
"Marlon Hairston","HOU","2019","M","155004","155004","2019-09-13"
"Luke Mulholland","RSL","2019","M","155000.04","155000.04","2019-09-13"
"Dejan Jakovic","LAFC","2019","D","150000","153750","2019-09-13"
"Scott Caldwell","NER","2019","M","142312.56","153208.56","2019-09-13"
"Richard Sánchez","CHI","2019","GK","150000","152500","2019-09-13"
"Brent Kallman","MIN","2019","D","118000.08","151531.33","2019-09-13"
"Kenneth Kronholm","CHI","2019","GK","87996","150996","2019-09-13"
"Tesho Akindele","ORL","2019","F","150000","150000","2019-09-13"
"Andy Polo","POR","2019","M","150000","150000","2019-09-13"
"J.J. Williams","CLB","2019","F","95000.04","149750.04","2019-09-13"
"Nick Hagglund","CIN","2019","D","137504.4","147129.4","2019-09-13"
"JT Marcinkowski","SJE","2019","GK","135000","147000","2019-09-13"
"Micheal Azira","CHI","2019","D","140000.04","146625.04","2019-09-13"
"Alex De John","ORL","2019","D","135000","146614.17","2019-09-13"
"Lalas Abubakar","COL","2019","D","135000","144937.5","2019-09-13"
"Joe Bendik","PHI","2019","GK","144000","144000","2019-09-13"
"Samuel Piette","MTL","2019","D","135000","143159.38","2019-09-13"
"Seth Sinovic","SKC","2019","D","135000","143000","2019-09-13"
"José Rafael Hernández","ATL","2019","D","140004","140004","2019-09-13"
"Steve Clark","POR","2019","GK","140000.04","140000.04","2019-09-13"
"Dániel Sallói","SKC","2019","M","129999.96","139624.96","2019-09-13"
"Shane O'Neill","ORL","2019","D","124999.92","139499.92","2019-09-13"
"Clint Irwin","COL","2019","GK","126000","138707.24","2019-09-13"
"Jay Chapman","TOR","2019","M","120000","138500","2019-09-13"
"Thomas Roberts","FCD","2019","M","109999.92","137999.92","2019-09-13"
"Jordan Hamilton","CLB","2019","F","124992","137658.67","2019-09-13"
"Jonathan Lewis","COL","2019","M","100000.08","137500.08","2019-09-13"
"Ryan Meara","NYRB","2019","GK","132000","137000","2019-09-13"
"Eryk Williamson","POR","2019","M","120000","136500","2019-09-13"
"Eric Calvillo","SJE","2019","M","120000","136500","2019-09-13"
"Fabian Herbers","CHI","2019","M","135000","135000","2019-09-13"
"Mo Adams","ATL","2019","M","99999.96","134999.96","2019-09-13"
"Griffin Dorsey","TOR","2019","M","90000","134000","2019-09-13"
"Ashtone Morgan","TOR","2019","D","132000","133500","2019-09-13"
"Julian Gressel","ATL","2019","M","114249.96","132999.96","2019-09-13"
"Connor Lade","NYRB","2019","D","126000","132749.85","2019-09-13"
"Donny Toia","RSL","2019","D","131254.2","131254.2","2019-09-13"
"Gordon Wild","DCU","2019","F","99999.96","129999.96","2019-09-13"
"Alex Muyl","NYRB","2019","M","123750","127750","2019-09-13"
"Jimmy Maurer","FCD","2019","GK","125000.04","127500.04","2019-09-13"
"Tajon Buchanan","NER","2019","M","90000","126000","2019-09-13"
"Eric Miller","NYC","2019","D","108549.96","124424.96","2019-09-13"
"Ayo Akinola","TOR","2019","F","56256","124256","2019-09-13"
"Jake Nerwinski","VAN","2019","D","120000","124125","2019-09-13"
"Auston Trusty","PHI","2019","D","95000.04","124100.04","2019-09-13"
"Tomas Hilliard-Arce","LAG","2019","D","99999.96","123124.96","2019-09-13"
"Sebastián Saucedo","RSL","2019","M","112500","123000","2019-09-13"
"Jack De Vries","PHI","2019","M","90000","120556.25","2019-09-13"
"Eduardo Sosa","CLB","2019","M","99999.96","120199.96","2019-09-13"
"Shamit Shome","MTL","2019","M","100000.08","120000.08","2019-09-13"
"Alejandro Guido","LAFC","2019","D","120000","120000","2019-09-13"
"Dillon Serna","COL","2019","M","120000","120000","2019-09-13"
"Fabinho","PHI","2019","D","120000","120000","2019-09-13"
"Dave Romney","LAG","2019","D","102000","118950","2019-09-13"
"Cristian Cásseres Jr","NYRB","2019","M","79999.92","118749.92","2019-09-13"
"Brad Knighton","NER","2019","GK","111253.32","116253.32","2019-09-13"
"Benji Michel","ORL","2019","F","84999.96","116249.96","2019-09-13"
"Quentin Westberg","TOR","2019","GK","100000.08","115254.08","2019-09-13"
"Justin Rennicks","NER","2019","F","80000.04","115000.04","2019-09-13"
"Djordje Mihailovic","CHI","2019","M","111000","114600","2019-09-13"
"Michael Murillo","NYRB","2019","D","105003.96","113753.96","2019-09-13"
"John Nelson","FCD","2019","D","80000.04","113000.04","2019-09-13"
"Ricardo Pepi","FCD","2019","F","80000.04","113000.04","2019-09-13"
"Derek Cornelius","VAN","2019","D","99999.96","111912.46","2019-09-13"
"Latif Blessing","LAFC","2019","M","93750","110416.67","2019-09-13"
"Victor Giro","VAN","2019","D","105000","110312.5","2019-09-13"
"Danilo Acosta","ORL","2019","D","110000.04","110000.04","2019-09-13"
"Aboubacar Keita","CLB","2019","D","90000","110000","2019-09-13"
"Chris Mueller","ORL","2019","M","95625","109375","2019-09-13"
"Dante Sealy","FCD","2019","F","80000.04","108400.04","2019-09-13"
"Bill Tuiloma","POR","2019","D","100008","107508","2019-09-13"
"Edward Opoku","CLB","2019","F","84999.96","105999.96","2019-09-13"
"Collin Martin","MIN","2019","M","105000","105000","2019-09-13"
"James Sands","NYC","2019","D","105000","105000","2019-09-13"
"Pablo Sisniega","LAFC","2019","GK","105000","105000","2019-09-13"
"Paxton Pomykal","FCD","2019","M","99999.96","104999.96","2019-09-13"
"Alex Crognale","CLB","2019","D","104504.4","104504.4","2019-09-13"
"Chris Durkin","DCU","2019","D","95000.04","104375.04","2019-09-13"
"Siad Haji","SJE","2019","M","75000","104000","2019-09-13"
"Donovan Pines","DCU","2019","D","90000","102000","2019-09-13"
"Jalil Anibaba","NER","2019","D","101250","101250","2019-09-13"
"Alex Horwath","RSL","2019","GK","95000.04","100862.54","2019-09-13"
"Edwin Cerrillo","FCD","2019","D","70250.04","100250.04","2019-09-13"
"Alec Kann","ATL","2019","GK","100008","100008","2019-09-13"
"Lass Bangoura","VAN","2019","M","99999.96","99999.96","2019-09-13"
"Brad Stuver","NYC","2019","GK","99999.96","99999.96","2019-09-13"
"Andrew Gutman","CIN","2019","D","99999.96","99999.96","2019-09-13"
"Matt Hundley","COL","2019","M","65000.04","99000.04","2019-09-13"
"Cameron Lindley","ORL","2019","D","90000","98906.25","2019-09-13"
"Brenden Aaronson","PHI","2019","M","70000.08","98309.48","2019-09-13"
"Clément Diop","MTL","2019","GK","94500","98190","2019-09-13"
"Brian Rowe","ORL","2019","GK","95000.04","98000.04","2019-09-13"
"Grant Lillard","CHI","2019","D","95000.04","97500.04","2019-09-13"
"Daniel Lovitz","MTL","2019","D","97453.08","97453.08","2019-09-13"
"Andrew Carleton","ATL","2019","M","84999.96","97399.96","2019-09-13"
"Omir Fernandez","NYRB","2019","M","80000.04","95000.04","2019-09-13"
"Andre Shinyashiki","COL","2019","F","84999.96","94999.96","2019-09-13"
"Maxime Crépeau","VAN","2019","GK","90000","94083.33","2019-09-13"
"Gianluca Busio","SKC","2019","M","90000","92500","2019-09-13"
"Kortne Ford","COL","2019","D","92496","92496","2019-09-13"
"Gilbert Fuentes","SJE","2019","M","80000.04","92000.04","2019-09-13"
"Daniel Ríos","NSH","2019","F","80000.04","91625.04","2019-09-13"
"Brandt Bronico","CHI","2019","M","84999.96","90624.96","2019-09-13"
"Hugo Arellano","LAG","2019","D","82500","90073.75","2019-09-13"
"Moisés Hernández","FCD","2019","D","90000","90000","2019-09-13"
"Chris Goslin","ATL","2019","M","90000","90000","2019-09-13"
"Danny Leyva","SEA","2019","D","56250","89872.25","2019-09-13"
"Cristian Martínez","CHI","2019","M","80000.04","88406.71","2019-09-13"
"Jaylin Lindsey","SKC","2019","D","75000","88000","2019-09-13"
"Zachary Herivaux","NER","2019","M","72351.6","87351.6","2019-09-13"
"Mathieu Choinière","MTL","2019","M","80000.04","86390.04","2019-09-13"
"Julian Araujo","LAG","2019","D","80000.04","86250.04","2019-09-13"
"Aaron Herrera","RSL","2019","D","86000.04","86000.04","2019-09-13"
"Alfonso Ocampo-Chavez","SEA","2019","F","56250","85750","2019-09-13"
"Nick Besler","RSL","2019","M","84999.96","84999.96","2019-09-13"
"Juan Pablo Torres","NYC","2019","M","70250.04","84750.04","2019-09-13"
"Nouhou Tolo","SEA","2019","D","84000","84000","2019-09-13"
"Cole Bassett","COL","2019","M","75000","84000","2019-09-13"
"Michael Baldisimo","VAN","2019","D","56250","83012.8","2019-09-13"
"Memo Rodríguez","HOU","2019","M","70250.04","82750.04","2019-09-13"
"Tyler Freeman","SKC","2019","F","70249.92","82749.92","2019-09-13"
"Mark McKenzie","PHI","2019","D","72225","82225","2019-09-13"
"Derrick Etienne","CIN","2019","M","77062.56","82062.56","2019-09-13"
"Sam Vines","COL","2019","D","80000.04","81250.04","2019-09-13"
"Simon Colyn","VAN","2019","M","56250","81250","2019-09-13"
"Zachary Brault-Guillard","MTL","2019","D","72000","81000","2019-09-13"
"Sebastian Anderson","COL","2019","D","56250","80916.67","2019-09-13"
"Derrick Jones","PHI","2019","M","75000","80900","2019-09-13"
"Reggie Cannon","FCD","2019","D","80250","80250","2019-09-13"
"Marco Farfan","POR","2019","D","80250","80250","2019-09-13"
"Jalen Robinson","DCU","2019","D","80004","80004","2019-09-13"
"Cory Burke","PHI","2019","F","75937.56","79720.37","2019-09-13"
"Niko Hansen","HOU","2019","M","71662.56","79162.56","2019-09-13"
"Jacori Hayes","FCD","2019","M","71662.56","79162.56","2019-09-13"
"George Bello","ATL","2019","D","75000","79000","2019-09-13"
"Anthony Fontana","PHI","2019","M","70260","78677.6","2019-09-13"
"Romario Williams","CLB","2019","F","78650.04","78650.04","2019-09-13"
"Ethan Zubak","LAG","2019","F","75000","78125","2019-09-13"
"Joe Scally","NYC","2019","D","56250","78066.67","2019-09-13"
"Cameron Lancaster","NSH","2019","F","70250.04","78065.67","2019-09-13"
"Gedion Zelalem","SKC","2019","M","56250","77916.67","2019-09-13"
"Matt Freese","PHI","2019","GK","70000.08","77650.08","2019-09-13"
"Forrest Lasso","CIN","2019","D","70250.04","77583.37","2019-09-13"
"Tyler Miller","LAFC","2019","GK","77565","77565","2019-09-13"
"Cody Cropper","NER","2019","GK","77519.52","77519.52","2019-09-13"
"Santiago Patiño","ORL","2019","F","72500.04","76781.29","2019-09-13"
"Bradford Jamieson","LAG","2019","F","76403.28","76403.28","2019-09-13"
"Griffin Yow","DCU","2019","F","70250.04","76368.37","2019-09-13"
"Erik McCue","HOU","2019","D","56250","76250","2019-09-13"
"Theo Bair","VAN","2019","F","56250","76250","2019-09-13"
"Jean-Christophe Koffi","NYRB","2019","M","70250.04","76031.29","2019-09-13"
"Josh Pérez","LAFC","2019","M","75999.96","75999.96","2019-09-13"
"Matt Turner","NER","2019","GK","75937.56","75937.56","2019-09-13"
"Liam Fraser","TOR","2019","D","70875","75875","2019-09-13"
"Efrain Álvarez","LAG","2019","M","70872","75605.8","2019-09-13"
"Tsubasa Endoh","TOR","2019","M","70250.04","75583.37","2019-09-13"
"Isaac Angking","NER","2019","M","70250.04","75250.04","2019-09-13"
"Oniel Fisher","DCU","2019","D","70250.04","74916.71","2019-09-13"
"Gabriel Slonina","CHI","2019","GK","60000","74800","2019-09-13"
"Dayne St. Clair","MIN","2019","GK","70250.04","74753.17","2019-09-13"
"Marcus Epps","NYRB","2019","M","70250.04","74541.71","2019-09-13"
"Florian Valot","NYRB","2019","M","70872","74508.45","2019-09-13"
"Antonio Bustamante","DCU","2019","D","70250.04","74484.83","2019-09-13"
"Sebastien Ibeagha","NYC","2019","D","74250","74250","2019-09-13"
"Deklan Wynne","COL","2019","D","74250","74250","2019-09-13"
"Brett Levis","VAN","2019","D","71662.56","74162.56","2019-09-13"
"Nicolas Firmino","NER","2019","M","70250.04","73916.71","2019-09-13"
"Eric Dick","SKC","2019","GK","70250.04","73699.58","2019-09-13"
"Earl Edwards Jr.","DCU","2019","GK","70250.04","73583.37","2019-09-13"
"Vincent Bezecourt","NYRB","2019","M","70875","73295.62","2019-09-13"
"Lagos Kunga","ATL","2019","M","70250.04","73250.04","2019-09-13"
"Tristan Blackmon","LAFC","2019","D","70250.04","72983.95","2019-09-13"
"Diego Campos","CHI","2019","D","70250.04","72825.04","2019-09-13"
"Amando Moreno","CHI","2019","M","70250.04","72750.04","2019-09-13"
"Peter-Lee Vassell","LAFC","2019","M","70250.04","72750.04","2019-09-13"
"Andre Rawls","COL","2019","GK","72360.84","72360.84","2019-09-13"
"Kevin Garcia","HOU","2019","D","72360.84","72360.84","2019-09-13"
"Mikey Ambrose","ATL","2019","D","72351.6","72351.6","2019-09-13"
"Tony Rocha","NYC","2019","M","72346.92","72346.92","2019-09-13"
"Spencer Richey","CIN","2019","GK","71666.88","71666.88","2019-09-13"
"Matt Bersano","SJE","2019","GK","71666.88","71666.88","2019-09-13"
"Jon Kempin","CLB","2019","GK","71664","71664","2019-09-13"
"Luis Felipe","SJE","2019","D","70875","71625","2019-09-13"
"Kyle Zobeck","FCD","2019","GK","70875","70875","2019-09-13"
"Bryan Meredith","SEA","2019","GK","70875","70875","2019-09-13"
"Caleb Patterson-Sewell","TOR","2019","GK","70875","70875","2019-09-13"
"Jimmy Ockford","SJE","2019","D","70875","70875","2019-09-13"
"Mason Stajduhar","ORL","2019","GK","70875","70875","2019-09-13"
"Jordy Delem","SEA","2019","D","70875","70875","2019-09-13"
"Brian Wright","NER","2019","F","70875","70875","2019-09-13"
"Jorge Corrales","MTL","2019","D","70875","70875","2019-09-13"
"Eric Bird","HOU","2019","M","70875","70875","2019-09-13"
"Adam Grinwis","ORL","2019","GK","70875","70875","2019-09-13"
"Wan Kuzain","SKC","2019","D","70875","70875","2019-09-13"
"Andrew Putna","RSL","2019","GK","70875","70875","2019-09-13"
"Olivier Mbaizo","PHI","2019","D","70875","70875","2019-09-13"
"Hassan Ndam","CIN","2019","D","70260","70260","2019-09-13"
"Justin Hoyte","CIN","2019","D","70250.04","70250.04","2019-09-13"
"Maynor Figueroa","HOU","2019","D","70250.04","70250.04","2019-09-13"
"Quincy Amarikwa","DCU","2019","F","70250.04","70250.04","2019-09-13"
"Tosaint Ricketts","VAN","2019","F","70250.04","70250.04","2019-09-13"
"Corben Bone","CIN","2019","M","70250.04","70250.04","2019-09-13"
"Servando Carrasco","LAG","2019","M","70250.04","70250.04","2019-09-13"
"Lawrence Olum","MIN","2019","D","70250.04","70250.04","2019-09-13"
"Jimmy McLaughlin","CIN","2019","M","70250.04","70250.04","2019-09-13"
"Matt Lampson","LAG","2019","GK","70250.04","70250.04","2019-09-13"
"Luis Silva","SEA","2019","F","70250.04","70250.04","2019-09-13"
"Andrés Flores","POR","2019","M","70250.04","70250.04","2019-09-13"
"Kofi Opare","COL","2019","D","70250.04","70250.04","2019-09-13"
"Kendall McIntosh","POR","2019","GK","70250.04","70250.04","2019-09-13"
"Sean Melvin","VAN","2019","GK","70250.04","70250.04","2019-09-13"
"Brendan Moore","ATL","2019","GK","70250.04","70250.04","2019-09-13"
"RJ Allen","PHI","2019","D","70250.04","70250.04","2019-09-13"
"Saad Abdul-Salaam","SEA","2019","D","70250.04","70250.04","2019-09-13"
"Adrián Zendejas","SKC","2019","GK","70250.04","70250.04","2019-09-13"
"Jonathan Campbell","SEA","2019","D","70250.04","70250.04","2019-09-13"
"Raheem Edwards","CHI","2019","M","70250.04","70250.04","2019-09-13"
"Evan Louro","NYRB","2019","GK","70250.04","70250.04","2019-09-13"
"Connor Maloney","CLB","2019","D","70250.04","70250.04","2019-09-13"
"Ballou Tabla","MTL","2019","M","70250.04","70250.04","2019-09-13"
"Stefan Cleveland","CHI","2019","GK","70250.04","70250.04","2019-09-13"
"Jesús Ferreira","FCD","2019","F","70250.04","70250.04","2019-09-13"
"Julián Carranza","MIA","2019","F","70250.04","70250.04","2019-09-13"
"Jason Beaulieu","MTL","2019","GK","70250.04","70250.04","2019-09-13"
"James Pantemis","MTL","2019","GK","70250.04","70250.04","2019-09-13"
"Jon Bakero","TOR","2019","F","70250.04","70250.04","2019-09-13"
"Kyle Duncan","NYRB","2019","D","70250.04","70250.04","2019-09-13"
"Ryan Telfer","TOR","2019","M","70250.04","70250.04","2019-09-13"
"Modou Jadama","POR","2019","D","70250.04","70250.04","2019-09-13"
"Daniel Bedoya","NYC","2019","M","70250.04","70250.04","2019-09-13"
"Bryan Reynolds","FCD","2019","F","70250.04","70250.04","2019-09-13"
"Kyle Smith","ORL","2019","D","70250.04","70250.04","2019-09-13"
"Greg Ranjitsingh","ORL","2019","GK","70250.04","70250.04","2019-09-13"
"Justin Portillo","RSL","2019","M","70250.04","70250.04","2019-09-13"
"Emil Cuello","LAG","2019","M","70250.04","70250.04","2019-09-13"
"Tate Schmitt","RSL","2019","F","70250.04","70250.04","2019-09-13"
"Sam Raben","COL","2019","D","70250.04","70250.04","2019-09-13"
"Erik Holt","RSL","2019","D","70250.04","70250.04","2019-09-13"
"Nazmi Albadawi","CIN","2019","M","70250.04","70250.04","2019-09-13"
"David Ochoa","RSL","2019","GK","70250.04","70250.04","2019-09-13"
"Jon Gallagher","ATL","2019","M","70250.04","70250.04","2019-09-13"
"Callum Montgomery","FCD","2019","D","70250.04","70250.04","2019-09-13"
"Renzo Zambrano","POR","2019","M","70250.04","70250.04","2019-09-13"
"Justin Dhillon","SEA","2019","F","70250.04","70250.04","2019-09-13"
"Corey Baird","RSL","2019","F","70008","70008","2019-09-13"
"Noble Okello","TOR","2019","M","56244.6","68059.51","2019-09-13"
"Patrick Okonkwo","ATL","2019","F","56256","67256","2019-09-13"
"Cade Cowell","SJE","2019","F","57225","67225","2019-09-13"
"Clément Bayiha","MTL","2019","M","61750.08","67125.08","2019-09-13"
"Julian Vazquez","RSL","2019","F","56250","66250","2019-09-13"
"Thomas Hasal","VAN","2019","GK","56250","66250","2019-09-13"
"Trey Muse","SEA","2019","GK","56250","65000","2019-09-13"
"Andre Reynolds","CHI","2019","D","56250","64250","2019-09-13"
"Jacob Akanyirige","SJE","2019","D","62225.04","64225.04","2019-09-13"
"Brandon Bye","NER","2019","D","59950.08","63244.93","2019-09-13"
"Ben Mines","NYRB","2019","M","57229.2","63243.2","2019-09-13"
"Jacob Shaffelburg","TOR","2019","M","56250","62750","2019-09-13"
"Abdul Rwatubyaye","COL","2019","D","56250","62625","2019-09-13"
"Karifa Yao","MTL","2019","D","56250","60466.39","2019-09-13"
"Thomas Meilleur-Giguere","MTL","2019","D","57120","60245","2019-09-13"
"Daniel Kinumbe","MTL","2019","D","56250","60165.63","2019-09-13"
"Ken Krolicki","MTL","2019","M","59950.08","59950.08","2019-09-13"
"Ben Lundt","CIN","2019","GK","56250","59658.75","2019-09-13"
"Rashawn Dally","CIN","2019","F","56250","59658.75","2019-09-13"
"Logan Gdula","CIN","2019","D","56250","59575","2019-09-13"
"David Norman","VAN","2019","M","57225","58225","2019-09-13"
"Justin vom Steeg","LAG","2019","GK","57225","57225","2019-09-13"
"Luis Argudo","CLB","2019","M","57225","57225","2019-09-13"
"Carter Manley","MIN","2019","D","57225","57225","2019-09-13"
"Handwalla Bwana","SEA","2019","M","57225","57225","2019-09-13"
"Alex Roldan","SEA","2019","M","57225","57225","2019-09-13"
"Niki Jackson","COL","2019","F","57225","57225","2019-09-13"
"Elliot Collier","CHI","2019","M","57225","57225","2019-09-13"
"Wyatt Omsberg","MIN","2019","D","57225","57225","2019-09-13"
"Matthew Real","PHI","2019","D","57225","57225","2019-09-13"
"Julian Dunn","TOR","2019","D","57225","57225","2019-09-13"
"Aidan Daniels","TOR","2019","M","57225","57225","2019-09-13"
"Foster Langsdorf","POR","2019","F","57225","57225","2019-09-13"
"Kevin Partida","SJE","2019","M","57225","57225","2019-09-13"
"Graham Smith","SKC","2019","D","57225","57225","2019-09-13"
"Jeff Caldwell","NYC","2019","GK","57225","57225","2019-09-13"
"Brian White","NYRB","2019","F","57225","57225","2019-09-13"
"Michael Nelson","HOU","2019","GK","57225","57225","2019-09-13"
"Ben Lundgaard","CLB","2019","GK","57225","57225","2019-09-13"
"Paul Marie","SJE","2019","D","57225","57225","2019-09-13"
"Richie Laryea","TOR","2019","D","56250","56250","2019-09-13"
"Luiz Fernando Nascimento","ATL","2019","F","56250","56250","2019-09-13"
"Dion Pereira","ATL","2019","M","56250","56250","2019-09-13"
"Chris Odoi-Atsem","DCU","2019","D","56250","56250","2019-09-13"
"Lamar Batista","LAFC","2019","D","56250","56250","2019-09-13"
"Abdi Mohamed","NYC","2019","D","56250","56250","2019-09-13"
"Kamal Miller","ORL","2019","D","56250","56250","2019-09-13"
"Sean Nealis","NYRB","2019","D","56250","56250","2019-09-13"
"DeJuan Jones","NER","2019","M","56250","56250","2019-09-13"
"Hassani Dotson","MIN","2019","M","56250","56250","2019-09-13"
"Chase Gasper","MIN","2019","D","56250","56250","2019-09-13"
"Sam Junqua","HOU","2019","D","56250","56250","2019-09-13"
"Jimmy Hague","CIN","2019","GK","56250","56250","2019-09-13"
"Adrien Pérez","LAFC","2019","F","56250","56250","2019-09-13"
"Ally Ng'Anzi","MIN","2019","M","56250","56250","2019-09-13"
"Javier Pérez","LAFC","2019","M","56250","56250","2019-09-13"
"Luis Arriaga","RSL","2019","M","56250","56250","2019-09-13"
"Jeremiah Gutjahr","CHI","2019","M","56250","56250","2019-09-13"
"Amar Sejdic","MTL","2019","M","56250","56250","2019-09-13"
"Diedie Traore","LAG","2019","D","56250","56250","2019-09-13"
"Tom Barlow","NYRB","2019","F","56250","56250","2019-09-13"
"Michee Ngalina","PHI","2019","M","56250","56250","2019-09-13"
"Brendan McDonough","VAN","2019","D","56250","56250","2019-09-13"
"Justin Haak","NYC","2019","M","56250","56250","2019-09-13"
"Luis Barraza","NYC","2019","GK","56250","56250","2019-09-13"
"Tommy McCabe","CIN","2019","D","56250","56250","2019-09-13"
"Marvin Loría","POR","2019","M","56250","56250","2019-09-13"
"Phillip Ejimadu","LAFC","2019","GK","56250","56250","2019-09-13"
"Rece Buckmaster","NYRB","2019","D","56250","56250","2019-09-13"
"Chris Cadden","CLB","2019","M","56250","56250","2019-09-13"
"Felipe Hernandez","SKC","2019","M","56250","56250","2019-09-13"
"Douglas Martínez","RSL","2019","F","56250","56250","2019-09-13"
"Georges Mukumbilwa","VAN","2019","D","56250","56250","2019-09-13"